{"lr": 4.376110687991878e-05, "data_time": 0.0009569406509399414, "loss": 1.2591096401214599, "time": 0.2771006107330322, "epoch": 1, "iter": 100, "memory": 11846, "step": 100}
{"accuracy/top1": 88.93651580810547, "accuracy/top5": 99.0634994506836, "data_time": 0.024829230308532714, "time": 0.12367660522460938, "step": 1}
{"lr": 4.7928831344672965e-05, "data_time": 0.0016865730285644531, "loss": 0.5090908408164978, "time": 0.279174280166626, "epoch": 2, "iter": 297, "memory": 11846, "step": 297}
{"accuracy/top1": 92.50794219970703, "accuracy/top5": 99.65080261230469, "data_time": 0.01580955000484691, "time": 0.10964526382147097, "step": 2}
{"lr": 5.209655580942708e-05, "data_time": 0.0012691497802734375, "loss": 0.4098280072212219, "time": 0.278899097442627, "epoch": 3, "iter": 494, "memory": 11846, "step": 494}
{"accuracy/top1": 93.50794219970703, "accuracy/top5": 99.84127807617188, "data_time": 0.013123680563534008, "time": 0.10843555600035425, "step": 3}
{"lr": 5.626428027418121e-05, "data_time": 0.001212930679321289, "loss": 0.3354119747877121, "time": 0.2793144941329956, "epoch": 4, "iter": 691, "memory": 11846, "step": 691}
{"accuracy/top1": 94.09524536132812, "accuracy/top5": 99.68254852294922, "data_time": 0.014795911078359567, "time": 0.10787070966234394, "step": 4}
{"lr": 6.043200473893546e-05, "data_time": 0.0009512901306152344, "loss": 0.32407293319702146, "time": 0.2780189037322998, "epoch": 5, "iter": 888, "memory": 11846, "step": 888}
{"accuracy/top1": 94.92063903808594, "accuracy/top5": 99.80953216552734, "data_time": 0.01235817460452809, "time": 0.10704534661536123, "step": 5}
{"lr": 6.45997292036896e-05, "data_time": 0.000908517837524414, "loss": 0.296595923602581, "time": 0.2783598661422729, "epoch": 6, "iter": 1085, "memory": 11846, "step": 1085}
{"accuracy/top1": 93.8888931274414, "accuracy/top5": 99.68254852294922, "data_time": 0.014074956669526942, "time": 0.10699210914911009, "step": 6}
{"lr": 6.876745366844375e-05, "data_time": 0.0009273767471313476, "loss": 0.26406370252370837, "time": 0.27887065410614015, "epoch": 7, "iter": 1282, "memory": 11846, "step": 1282}
{"accuracy/top1": 94.46031951904297, "accuracy/top5": 99.77778625488281, "data_time": 0.014216955970315373, "time": 0.10860224798613903, "step": 7}
{"lr": 7.293517813319808e-05, "data_time": 0.0011067867279052734, "loss": 0.29296049773693084, "time": 0.2783257722854614, "epoch": 8, "iter": 1479, "memory": 11846, "step": 1479}
{"accuracy/top1": 94.4761962890625, "accuracy/top5": 99.79365539550781, "data_time": 0.011889130461449716, "time": 0.1045382583842558, "step": 8}
{"lr": 7.710290259795256e-05, "data_time": 0.0010091781616210938, "loss": 0.2438802406191826, "time": 0.27832942008972167, "epoch": 9, "iter": 1676, "memory": 11846, "step": 1676}
{"accuracy/top1": 94.46031951904297, "accuracy/top5": 99.74604034423828, "data_time": 0.013538996378580729, "time": 0.10760844922533222, "step": 9}
{"lr": 8.12706270627068e-05, "data_time": 0.0010289192199707032, "loss": 0.19394320994615555, "time": 0.27880475521087644, "epoch": 10, "iter": 1873, "memory": 11846, "step": 1873}
{"accuracy/top1": 95.26984405517578, "accuracy/top5": 99.76190948486328, "data_time": 0.012950897216796875, "time": 0.1060496171315511, "step": 10}
{"lr": 8.543835152746114e-05, "data_time": 0.0009429693222045898, "loss": 0.24641897678375244, "time": 0.2780775547027588, "epoch": 11, "iter": 2070, "memory": 11846, "step": 2070}
{"accuracy/top1": 94.96826171875, "accuracy/top5": 99.73016357421875, "data_time": 0.013721349192600624, "time": 0.11005567101871266, "step": 11}
{"lr": 8.960607599221549e-05, "data_time": 0.0008913040161132813, "loss": 0.22717777788639068, "time": 0.27910761833190917, "epoch": 12, "iter": 2267, "memory": 11846, "step": 2267}
{"accuracy/top1": 94.23809814453125, "accuracy/top5": 99.68254852294922, "data_time": 0.012342312756706686, "time": 0.10537508889740589, "step": 12}
{"lr": 9.377380045696992e-05, "data_time": 0.0007990121841430664, "loss": 0.2384041503071785, "time": 0.2771451473236084, "epoch": 13, "iter": 2464, "memory": 11846, "step": 2464}
{"accuracy/top1": 95.20635223388672, "accuracy/top5": 99.74604034423828, "data_time": 0.014065999610751284, "time": 0.1085670648836622, "step": 13}
{"lr": 9.79415249217242e-05, "data_time": 0.0009239673614501953, "loss": 0.25925400406122207, "time": 0.2786577224731445, "epoch": 14, "iter": 2661, "memory": 11846, "step": 2661}
{"accuracy/top1": 95.0634994506836, "accuracy/top5": 99.73016357421875, "data_time": 0.013856121138030407, "time": 0.10731730274125642, "step": 14}
{"lr": 0.00010210924938647876, "data_time": 0.000858759880065918, "loss": 0.21254755407571793, "time": 0.2775407075881958, "epoch": 15, "iter": 2858, "memory": 11846, "step": 2858}
{"accuracy/top1": 94.15873718261719, "accuracy/top5": 99.76190948486328, "data_time": 0.014392268423940622, "time": 0.1090089106092266, "step": 15}
{"lr": 0.0001062769738512332, "data_time": 0.0009393930435180664, "loss": 0.24718693047761917, "time": 0.279142165184021, "epoch": 16, "iter": 3055, "memory": 11846, "step": 3055}
{"accuracy/top1": 94.41270446777344, "accuracy/top5": 99.80953216552734, "data_time": 0.01408830810995663, "time": 0.10863415867674585, "step": 16}
{"lr": 0.00011044469831598743, "data_time": 0.0008107185363769531, "loss": 0.22138859331607819, "time": 0.2777646541595459, "epoch": 17, "iter": 3252, "memory": 11846, "step": 3252}
{"accuracy/top1": 95.01587677001953, "accuracy/top5": 99.80953216552734, "data_time": 0.014872228398042567, "time": 0.11002195582670324, "step": 17}
{"lr": 0.0001146124227807418, "data_time": 0.0015352010726928712, "loss": 0.20888661816716195, "time": 0.2786011457443237, "epoch": 18, "iter": 3449, "memory": 11846, "step": 3449}
{"accuracy/top1": 93.77778625488281, "accuracy/top5": 99.76190948486328, "data_time": 0.014499453937306124, "time": 0.10812986598295324, "step": 18}
{"lr": 0.00011878014724549599, "data_time": 0.001991128921508789, "loss": 0.20639317631721496, "time": 0.279958438873291, "epoch": 19, "iter": 3646, "memory": 11846, "step": 3646}
{"accuracy/top1": 94.55555725097656, "accuracy/top5": 99.71429443359375, "data_time": 0.011916244731229894, "time": 0.1050710070366953, "step": 19}
{"lr": 0.00012294787171025036, "data_time": 0.001656174659729004, "loss": 0.20297931209206582, "time": 0.2805433750152588, "epoch": 20, "iter": 3843, "memory": 11846, "step": 3843}
{"accuracy/top1": 94.5714340209961, "accuracy/top5": 99.65080261230469, "data_time": 0.013351949990964403, "time": 0.10624413396797928, "step": 20}
{"lr": 0.00012500000000000247, "data_time": 0.0007684230804443359, "loss": 0.21811335682868957, "time": 0.27888641357421873, "epoch": 21, "iter": 4040, "memory": 11846, "step": 4040}
{"accuracy/top1": 94.95238494873047, "accuracy/top5": 99.74604034423828, "data_time": 0.011034002491072113, "time": 0.10753323985081092, "step": 21}
{"lr": 0.00012499610538669958, "data_time": 0.0007091999053955078, "loss": 0.18475418761372567, "time": 0.27877757549285886, "epoch": 22, "iter": 4237, "memory": 11846, "step": 4237}
{"accuracy/top1": 94.20635223388672, "accuracy/top5": 99.65080261230469, "data_time": 0.01130959099414302, "time": 0.10834166115405512, "step": 22}
{"lr": 0.00012498442203707008, "data_time": 0.0007433652877807617, "loss": 0.20123682767152787, "time": 0.2783635139465332, "epoch": 23, "iter": 4434, "memory": 11846, "step": 4434}
{"accuracy/top1": 94.71429443359375, "accuracy/top5": 99.69841766357422, "data_time": 0.01202695977454092, "time": 0.10850105098649568, "step": 23}
{"lr": 0.00012496495142188987, "data_time": 0.0013973474502563476, "loss": 0.199378814548254, "time": 0.27932171821594237, "epoch": 24, "iter": 4631, "memory": 11846, "step": 4631}
{"accuracy/top1": 95.09524536132812, "accuracy/top5": 99.79365539550781, "data_time": 0.011328556958366843, "time": 0.10419348174450445, "step": 24}
{"lr": 0.00012493769599224635, "data_time": 0.0009909391403198243, "loss": 0.17720457464456557, "time": 0.278209924697876,